year,ami_group,region,tenure,total_hh,total_hh_se
2000,0-30,1,1,2928,256.21905803697064
2000,0-30,1,2,4217,327.49379335723063
2000,0-30,2,1,6140,336.36322700195626
2000,0-30,2,2,7579,379.9745096516455
2000,0-30,3,1,41429,971.6914710763591
2000,0-30,3,2,83973,1451.3103794999017
2000,0-30,4,1,4817,279.5282948529317
2000,0-30,4,2,4817,294.3740536135195
2000,30-50,1,1,4201,298.44329608549054
2000,30-50,1,2,4599,330.74451844209653
2000,30-50,2,1,8109,390.3962175839827
2000,30-50,2,2,7172,375.1116727038034
2000,30-50,3,1,61817,1197.3768475147724
2000,30-50,3,2,76349,1398.2284276049845
2000,30-50,4,1,5879,296.4203052111629
2000,30-50,4,2,4447,282.24534357288815
2000,50-80,1,1,9316,459.28996219604943
2000,50-80,1,2,5681,373.15056216419396
2000,50-80,2,1,16689,567.8666386812777
2000,50-80,2,2,8767,412.6701158337358
2000,50-80,3,1,141765,1812.5877346221894
2000,50-80,3,2,110208,1682.9148792468238
2000,50-80,4,1,10496,401.7857336112467
2000,50-80,4,2,4747,275.60353131397346
2000,80-100,1,1,7398,420.5909188735697
2000,80-100,1,2,3245,291.3513489362293
2000,80-100,2,1,11829,483.0690023744387
2000,80-100,2,2,4782,299.9528518245625
2000,80-100,3,1,109701,1607.078721380682
2000,80-100,3,2,56373,1211.3248543618588
2000,80-100,4,1,6507,320.6065881720464
2000,80-100,4,2,2864,226.2849245354326
2000,100+,1,1,35103,901.8330687413231
2000,100+,1,2,7457,443.37132344278706
2000,100+,2,1,58441,1078.2924171824136
2000,100+,2,2,13761,527.7271637706613
2000,100+,3,1,537058,3489.5950947866804
2000,100+,3,2,123740,1785.7183015319565
2000,100+,4,1,35575,768.1461685793915
2000,100+,4,2,6644,337.6481309895144
2000,NA,1,1,144,57.07860853167852
2000,NA,1,2,15,15.000000000000208
2000,NA,2,1,159,56.36451865931575
2000,NA,2,2,39,23.430710520000034
2000,NA,3,1,421,99.07920657543069
2000,NA,3,2,357,91.1086099142605
2000,NA,4,1,198,47.43344173173288
2000,NA,4,2,39,23.043397363558498
2001,0-30,NA,1,65025,4499.426275464212
2001,0-30,NA,2,112931,6938.950467780223
2001,30-50,NA,1,90464,5180.515675456328
2001,30-50,NA,2,91970,5955.035735273064
2001,50-80,NA,1,174917,7360.701052291564
2001,50-80,NA,2,148947,8263.249165558223
2001,80-100,NA,1,127807,6255.144305912546
2001,80-100,NA,2,63902,5286.920361633116
2001,100+,NA,1,714250,14297.584930439718
2001,100+,NA,2,162858,8216.95416326402
2001,NA,NA,1,374,266.4505059548083
2001,NA,NA,2,409,289.2764158996262
2002,0-30,NA,1,73524,5491.919348403525
2002,0-30,NA,2,120416,7867.1755751281835
2002,30-50,NA,1,97620,6310.167987888276
2002,30-50,NA,2,100471,7584.910114360393
2002,50-80,NA,1,189859,8505.716950956825
2002,50-80,NA,2,132011,8225.382267000383
2002,80-100,NA,1,132121,6455.899570898761
2002,80-100,NA,2,61046,5601.012565278123
2002,100+,NA,1,734210,15648.13848259835
2002,100+,NA,2,162640,8897.975336838674
2003,0-30,NA,1,88144,5840.7344961222825
2003,0-30,NA,2,126456,7756.834797723387
2003,30-50,NA,1,111691,6234.524317190502
2003,30-50,NA,2,96753,6604.531395504464
2003,50-80,NA,1,179586,7811.814183994927
2003,50-80,NA,2,125067,7698.4359452352855
2003,80-100,NA,1,139635,7004.475286428794
2003,80-100,NA,2,56383,4928.022541692609
2003,100+,NA,1,762668,15560.223234614843
2003,100+,NA,2,133701,7630.040907066009
2003,NA,NA,1,824,477.93008226564007
2003,NA,NA,2,410,289.9686948960412
2004,0-30,NA,1,76002,5119.432283794104
2004,0-30,NA,2,144788,8518.829246157964
2004,30-50,NA,1,99154,5780.553758795808
2004,30-50,NA,2,107983,7315.448644672658
2004,50-80,NA,1,192343,8026.535217266257
2004,50-80,NA,2,129423,7829.029296223408
2004,80-100,NA,1,135625,6402.302105397842
2004,80-100,NA,2,70976,5793.2876661870205
2004,100+,NA,1,764227,15078.231707060808
2004,100+,NA,2,128199,7358.470755834455
2004,NA,NA,1,1268,815.4987735807376
2004,NA,NA,2,250,185.6069716494775
2005,0-30,1,1,2522,498.21948230151634
2005,0-30,1,2,5465,955.0807539758631
2005,0-30,2,1,8395,1086.6307343694466
2005,0-30,2,2,11616,1689.9108854122035
2005,0-30,3,1,56161,3039.9596422378904
2005,0-30,3,2,110974,4792.022049740527
2005,0-30,4,1,3720,530.713511994089
2005,0-30,4,2,4062,780.1746586059724
2005,30-50,1,1,5016,802.2309421932104
2005,30-50,1,2,5951,1110.9588400461369
2005,30-50,2,1,10147,1281.747596478136
2005,30-50,2,2,8391,1410.9783773942197
2005,30-50,3,1,73722,3216.2399184592045
2005,30-50,3,2,92286,4558.707410960873
2005,30-50,4,1,6492,774.2046682367691
2005,30-50,4,2,5799,973.1229761421741
2005,50-80,1,1,11522,1237.699632648704
2005,50-80,1,2,5744,997.5242325876279
2005,50-80,2,1,18595,1542.9392366068773
2005,50-80,2,2,9482,1447.0069010846457
2005,50-80,3,1,154315,4667.169615500381
2005,50-80,3,2,108726,4562.799387024238
2005,50-80,4,1,9882,1013.4922850031547
2005,50-80,4,2,4952,931.1240968586352
2005,80-100,1,1,7418,961.1698901016838
2005,80-100,1,2,3375,822.616015841674
2005,80-100,2,1,10658,1044.3596788224138
2005,80-100,2,2,4243,838.2236465481877
2005,80-100,3,1,107742,3544.312113994974
2005,80-100,3,2,55651,3283.0688914345355
2005,80-100,4,1,7365,917.0887953183969
2005,80-100,4,2,3326,756.668041974232
2005,100+,1,1,40444,2315.8823884045737
2005,100+,1,2,7073,1115.073285609096
2005,100+,2,1,59807,3141.0817913327014
2005,100+,2,2,14165,1881.3779706131106
2005,100+,3,1,599926,8684.28836382326
2005,100+,3,2,110435,4880.904165812042
2005,100+,4,1,37278,2046.4085323349466
2005,100+,4,2,9176,1305.555379289562
2005,NA,2,1,153,110.98188774565463
2005,NA,3,1,352,159.74923270266666
2005,NA,3,2,400,335.01031524152916
2005,NA,4,1,20,19.999999999999492
2006,0-30,1,1,3701,732.1233268903827
2006,0-30,1,2,4327,838.729722107246
2006,0-30,2,1,7401,916.7261697964407
2006,0-30,2,2,8803,1214.994598615646
2006,0-30,3,1,57595,2628.397506218166
2006,0-30,3,2,120387,4580.332033720854
2006,0-30,4,1,4428,652.7544639174878
2006,0-30,4,2,4187,686.2589365246884
2006,30-50,1,1,5396,744.5851017118772
2006,30-50,1,2,3542,791.8875380330668
2006,30-50,2,1,9651,1108.5253100108473
2006,30-50,2,2,7627,1262.364433656878
2006,30-50,3,1,71739,2958.1563113838815
2006,30-50,3,2,96902,4104.067333116942
2006,30-50,4,1,6541,710.0482419793856
2006,30-50,4,2,4331,828.6286569894146
2006,50-80,1,1,11597,1186.669259707447
2006,50-80,1,2,9274,1447.2436615002746
2006,50-80,2,1,16376,1464.036923554009
2006,50-80,2,2,7534,1283.253552384407
2006,50-80,3,1,165901,4560.176389635174
2006,50-80,3,2,112158,4572.732776504839
2006,50-80,4,1,9170,940.3805241056904
2006,50-80,4,2,4409,671.0318522962488
2006,80-100,1,1,7726,897.2205289693047
2006,80-100,1,2,3038,713.5697658766779
2006,80-100,2,1,11441,1366.9211603518322
2006,80-100,2,2,5025,959.2193858636456
2006,80-100,3,1,114538,3633.1117623540126
2006,80-100,3,2,50638,2828.7510295995644
2006,80-100,4,1,6995,772.0396800906176
2006,80-100,4,2,4480,962.801360676898
2006,100+,1,1,40521,2319.2741735465133
2006,100+,1,2,7759,1208.4105036774731
2006,100+,2,1,68428,3200.5037299164405
2006,100+,2,2,12620,1678.4723872698019
2006,100+,3,1,614367,8248.03071652407
2006,100+,3,2,103501,4196.8323708933
2006,100+,4,1,35297,1823.043660646561
2006,100+,4,2,7196,1018.6450765455618
2006,NA,1,1,91,90.99999999999463
2006,NA,3,1,84,84.00000000000007
2006,NA,3,2,148,104.68992158918554
2006,NA,4,1,45,31.827631410640294
2006,NA,4,2,19,19.000000000000984
2007,0-30,1,1,3377,664.3768867232025
2007,0-30,1,2,7748,1102.8104138821407
2007,0-30,2,1,8765,1047.198361979476
2007,0-30,2,2,9768,1343.7217776262264
2007,0-30,3,1,59791,2877.9825281621247
2007,0-30,3,2,118159,4551.5847513745675
2007,0-30,4,1,4702,603.308901465795
2007,0-30,4,2,6277,919.9225094314926
2007,30-50,1,1,4136,705.1646366870856
2007,30-50,1,2,4178,802.9027277354974
2007,30-50,2,1,9696,1229.7350417074283
2007,30-50,2,2,9720,1633.2499969213077
2007,30-50,3,1,71984,2936.814287190317
2007,30-50,3,2,86603,3906.4620031167406
2007,30-50,4,1,7635,793.9004650096185
2007,30-50,4,2,3971,612.921220449046
2007,50-80,1,1,11157,1161.246919488669
2007,50-80,1,2,6169,1204.4222850991216
2007,50-80,2,1,15858,1359.6354528799318
2007,50-80,2,2,11617,1741.5298120734335
2007,50-80,3,1,159618,4477.831988515637
2007,50-80,3,2,112431,4400.398771342161
2007,50-80,4,1,8961,914.0937996859286
2007,50-80,4,2,4723,811.3241087530579
2007,80-100,1,1,11709,1385.4414585655643
2007,80-100,1,2,3030,763.7853354332779
2007,80-100,2,1,11176,1238.067430490304
2007,80-100,2,2,5320,1248.4303544497507
2007,80-100,3,1,121509,3819.5790090050905
2007,80-100,3,2,47829,2872.455282217024
2007,80-100,4,1,6176,699.6099598904041
2007,80-100,4,2,1943,531.3967589940528
2007,100+,1,1,40900,2370.2596581048483
2007,100+,1,2,6536,1073.687492487286
2007,100+,2,1,63069,3056.7914096434474
2007,100+,2,2,10652,1497.7327918483845
2007,100+,3,1,621592,8289.623920037617
2007,100+,3,2,118483,4533.364214302938
2007,100+,4,1,35674,1955.7199305025438
2007,100+,4,2,6283,987.6565816760881
2007,NA,2,2,134,134.00000000001518
2007,NA,3,1,392,325.7513034861742
2007,NA,3,2,345,219.86556977940228
2007,NA,4,1,12,11.999999999999845
2007,NA,4,2,53,53.000000000001435
2008,0-30,1,1,4817,817.7879701687195
2008,0-30,1,2,5744,1035.2066155141538
2008,0-30,2,1,4573,640.1085351724533
2008,0-30,2,2,9369,1398.3832341654045
2008,0-30,3,1,61574,2928.901030210615
2008,0-30,3,2,125098,4725.525582916087
2008,0-30,4,1,3715,584.7580805329671
2008,0-30,4,2,6609,1000.7256212666198
2008,30-50,1,1,6137,853.3852769072614
2008,30-50,1,2,5143,941.6408767153454
2008,30-50,2,1,9790,1069.1174803453466
2008,30-50,2,2,8203,1278.7717204360908
2008,30-50,3,1,75383,3026.9090223939247
2008,30-50,3,2,96225,4081.4370096234725
2008,30-50,4,1,5210,735.4309015125439
2008,30-50,4,2,5094,851.7870466142268
2008,50-80,1,1,10298,1103.2222709953337
2008,50-80,1,2,4717,838.1449735748387
2008,50-80,2,1,17719,1572.4410055548133
2008,50-80,2,2,12046,1649.3149061480822
2008,50-80,3,1,151807,4290.079403655778
2008,50-80,3,2,122374,4559.4248177135305
2008,50-80,4,1,9656,1023.862709817636
2008,50-80,4,2,6180,949.5118584425153
2008,80-100,1,1,8431,1011.6723463264701
2008,80-100,1,2,4365,1069.228577062855
2008,80-100,2,1,13571,1292.8024544342886
2008,80-100,2,2,4737,926.131164517075
2008,80-100,3,1,118866,3773.2661730480127
2008,80-100,3,2,57364,3184.4119946166707
2008,80-100,4,1,5886,720.7417330250488
2008,80-100,4,2,3912,921.5873074584201
2008,100+,1,1,39811,2243.3265335146875
2008,100+,1,2,11128,1520.3652178549503
2008,100+,2,1,63898,2821.462518995903
2008,100+,2,2,12941,1613.8057277089806
2008,100+,3,1,630682,8442.843748449326
2008,100+,3,2,110261,4168.363803346913
2008,100+,4,1,38262,2088.9375794984408
2008,100+,4,2,4644,694.9984589491241
2008,NA,1,1,49.00000000000001,49.000000000001734
2008,NA,1,2,77,77.00000000000189
2008,NA,2,1,184,135.9998951617324
2008,NA,3,1,758,255.39196230255286
2008,NA,3,2,479,287.12145006820236
2008,NA,4,1,53,53.000000000001435
2009,0-30,1,1,4341,724.8123831614407
2009,0-30,1,2,4636,935.4687186997746
2009,0-30,2,1,7970,1001.5427775449265
2009,0-30,2,2,9806,1366.2221444462064
2009,0-30,3,1,54495,2511.306717742061
2009,0-30,3,2,132549,4828.344112697297
2009,0-30,4,1,3654,675.3488425939164
2009,0-30,4,2,7484,1212.273378784587
2009,30-50,1,1,5992,823.7248348450022
2009,30-50,1,2,6250,1092.0914313320834
2009,30-50,2,1,11416,1244.8690403672877
2009,30-50,2,2,5624,953.0272640585227
2009,30-50,3,1,78898,3107.824540088522
2009,30-50,3,2,102309,4257.607115715613
2009,30-50,4,1,5842,659.2506702332365
2009,30-50,4,2,4152,749.495189020408
2009,50-80,1,1,11737,1228.8393126361764
2009,50-80,1,2,6653,1219.6079648734735
2009,50-80,2,1,18207,1652.4396045945732
2009,50-80,2,2,8540,1193.2909308060277
2009,50-80,3,1,150714,4220.716889088926
2009,50-80,3,2,115777,4376.727700261568
2009,50-80,4,1,10567,1022.1123417690496
2009,50-80,4,2,5364,862.7282106558738
2009,80-100,1,1,8814,1165.2194192286752
2009,80-100,1,2,3447,750.0546551933601
2009,80-100,2,1,14132,1373.2402308539952
2009,80-100,2,2,4329,786.0174015931058
2009,80-100,3,1,118016,3783.011968853206
2009,80-100,3,2,60600,3151.629844808188
2009,80-100,4,1,6136,776.8740065538868
2009,80-100,4,2,3638,740.8214683251243
2009,100+,1,1,42037,2265.1591279534136
2009,100+,1,2,6648,1036.4525769773684
2009,100+,2,1,69330,3057.66050769321
2009,100+,2,2,12722,1599.470623426919
2009,100+,3,1,621955,8381.957322262548
2009,100+,3,2,121363,4453.020701161557
2009,100+,4,1,35435,1834.190323524856
2009,100+,4,2,6900,1100.0162990372967
2009,NA,1,1,74,73.99999999999787
2009,NA,2,1,306,179.27042653022247
2009,NA,3,1,854,313.48497326670946
2009,NA,3,2,285,165.60465005471676
2009,NA,4,1,146,105.11888955400252
2010,0-30,1,1,4241,726.6956647134706
2010,0-30,1,2,7102,1253.1852522076317
2010,0-30,2,1,9489,1141.4956228963006
2010,0-30,2,2,9795,1236.582274586738
2010,0-30,3,1,63543,2894.019437952284
2010,0-30,3,2,131598,4651.372390772271
2010,0-30,4,1,4265,596.8935341935932
2010,0-30,4,2,5169,741.6915922971277
2010,30-50,1,1,7227,939.6561470719299
2010,30-50,1,2,3482,655.3169373425643
2010,30-50,2,1,11230,1361.833071118614
2010,30-50,2,2,6194,1051.9243453029615
2010,30-50,3,1,85167,3228.759565797227
2010,30-50,3,2,112817,4319.884561886294
2010,30-50,4,1,5132,645.5833626592173
2010,30-50,4,2,5684,958.7302679466727
2010,50-80,1,1,12435,1309.1910142523943
2010,50-80,1,2,6767,1046.447332297361
2010,50-80,2,1,19583,1694.5578691709009
2010,50-80,2,2,11895,1450.5137803594669
2010,50-80,3,1,153469,4279.261756901304
2010,50-80,3,2,129161,4590.07350919123
2010,50-80,4,1,9034,921.8319056240364
2010,50-80,4,2,6805,959.6649095366763
2010,80-100,1,1,7304,959.9899318326115
2010,80-100,1,2,2261,673.1718581517737
2010,80-100,2,1,10907,1102.8102297723508
2010,80-100,2,2,4193,836.4279162750971
2010,80-100,3,1,106667,3572.80613013986
2010,80-100,3,2,58333,3058.891165580264
2010,80-100,4,1,7472,1007.4364664767212
2010,80-100,4,2,2451,515.4341281302072
2010,100+,1,1,42174,2409.612564351271
2010,100+,1,2,7857,1199.291067046018
2010,100+,2,1,69243,3037.3213415663085
2010,100+,2,2,14814,1600.687145501963
2010,100+,3,1,623044,8453.09261254415
2010,100+,3,2,137589,4720.541000112385
2010,100+,4,1,36881,1890.1085674091778
2010,100+,4,2,6602,831.4772185968252
2010,NA,1,2,87,87.00000000000101
2010,NA,2,1,118,84.02373032015039
2010,NA,2,2,101,100.99999999999667
2010,NA,3,1,879,281.9533883015698
2010,NA,3,2,216,155.59549584987965
2010,NA,4,1,106,68.48348594576703
2011,0-30,1,1,6116,931.7618624393
2011,0-30,1,2,6889,1271.9276303145903
2011,0-30,2,1,8725,1227.7754154620245
2011,0-30,2,2,9705,1342.9599731296173
2011,0-30,3,1,60167,2846.1376210092276
2011,0-30,3,2,136928,4981.420270009378
2011,0-30,4,1,4571,634.473764169201
2011,0-30,4,2,5355,752.2172646458408
2011,30-50,1,1,4849,780.1413193975603
2011,30-50,1,2,5058,910.4845102030653
2011,30-50,2,1,10475,1227.6726321432068
2011,30-50,2,2,8773,1318.9318945689977
2011,30-50,3,1,80003,3426.153565960409
2011,30-50,3,2,108009,4530.355526648296
2011,30-50,4,1,5898,775.4963154619983
2011,30-50,4,2,5295,824.5824466823449
2011,50-80,1,1,11021,1290.2443934105634
2011,50-80,1,2,7640,1275.1896546468456
2011,50-80,2,1,22068,2002.129698414373
2011,50-80,2,2,10951,1534.5718397758967
2011,50-80,3,1,152225,4784.860467214915
2011,50-80,3,2,129944,5049.860136849896
2011,50-80,4,1,10674,952.043151829746
2011,50-80,4,2,4708,748.6774276284815
2011,80-100,1,1,7567,1154.532447351394
2011,80-100,1,2,4312,921.5970150432388
2011,80-100,2,1,11433,1254.059507827907
2011,80-100,2,2,4477,938.3759501376625
2011,80-100,3,1,104715,4020.5002154273175
2011,80-100,3,2,61826,3455.890877902848
2011,80-100,4,1,6521,807.3111326621669
2011,80-100,4,2,3119,634.5484119654843
2011,100+,1,1,43506,2751.4977940825906
2011,100+,1,2,8004,1441.9191810343968
2011,100+,2,1,65313,3210.650194696809
2011,100+,2,2,16979,1842.0863426813125
2011,100+,3,1,624902,9664.491440836555
2011,100+,3,2,153494,5717.425524470548
2011,100+,4,1,34449,1707.1799060547626
2011,100+,4,2,7590,1016.0526397561063
2011,NA,2,1,231.99999999999997,200.89792185075353
2011,NA,2,2,59,59.000000000000384
2011,NA,3,1,335,204.37433595663714
2011,NA,3,2,367,188.00748807041438
2011,NA,4,1,95,63.1426214763124
2011,NA,4,2,56,55.999999999996255
2012,0-30,1,1,5841,965.3959764149066
2012,0-30,1,2,8771,1205.9796342338523
2012,0-30,2,1,6408,930.8530366783663
2012,0-30,2,2,8230,1238.6537457157528
2012,0-30,3,1,60867,2936.551555490475
2012,0-30,3,2,137347,4945.010908324259
2012,0-30,4,1,4165,643.6222213493874
2012,0-30,4,2,5502,913.1184741011424
2012,30-50,1,1,9625,1300.6352880830964
2012,30-50,1,2,7155,1082.107264474665
2012,30-50,2,1,6504,853.9934542933959
2012,30-50,2,2,7535,1231.5991273809066
2012,30-50,3,1,78981,3163.4532858978287
2012,30-50,3,2,104718,4360.062740249957
2012,30-50,4,1,5411,681.2778472547949
2012,30-50,4,2,4681,876.4221281307449
2012,50-80,1,1,17044,1678.8710258237254
2012,50-80,1,2,8810,1422.0828596208678
2012,50-80,2,1,15307,1696.1082964597203
2012,50-80,2,2,8667,1409.8727727121181
2012,50-80,3,1,158708,4578.818275717354
2012,50-80,3,2,141655,5045.01509682257
2012,50-80,4,1,9738,1027.7304660604761
2012,50-80,4,2,4769,674.6877958601611
2012,80-100,1,1,9195,1071.1265872918898
2012,80-100,1,2,4333,927.9028735535343
2012,80-100,2,1,7992,977.5178745389022
2012,80-100,2,2,3411,741.195264150541
2012,80-100,3,1,110733,3826.170679356695
2012,80-100,3,2,67310,3450.3893903461408
2012,80-100,4,1,4947,650.109491316935
2012,80-100,4,2,3086,573.7986850763506
2012,100+,1,1,50222,2671.311789127776
2012,100+,1,2,10275,1538.4470716094208
2012,100+,2,1,54492,2949.7599025756267
2012,100+,2,2,10265,1393.4694055983516
2012,100+,3,1,633437,9054.82633080684
2012,100+,3,2,161999,5362.067401016041
2012,100+,4,1,29916,1661.6556844039353
2012,100+,4,2,6542,949.992747934932
2012,NA,1,1,302,248.5999706654768
2012,NA,2,1,88,87.99999999999825
2012,NA,2,2,38,38.00000000000197
2012,NA,3,1,515,284.7290960126985
2012,NA,3,2,365,185.44221879050977
2012,NA,4,1,77,44.73245698178949
2012,NA,4,2,46,46.0000000000011
2013,0-30,1,1,5793,1047.8448053844436
2013,0-30,1,2,8771,1458.0123883801955
2013,0-30,2,1,5124,893.1252642260902
2013,0-30,2,2,5938,991.4566883017286
2013,0-30,3,1,65631,2959.4368534918667
2013,0-30,3,2,123575,4708.947000908772
2013,0-30,4,1,3893,591.5923542000246
2013,0-30,4,2,4180,718.9815867335388
2013,30-50,1,1,7266,1093.1633934184304
2013,30-50,1,2,8304,1394.5212770944913
2013,30-50,2,1,6379,962.4132040128069
2013,30-50,2,2,8454,1315.9371300080268
2013,30-50,3,1,80399,3299.7513172028866
2013,30-50,3,2,113096,4607.148941999087
2013,30-50,4,1,5578,847.3461922100603
2013,30-50,4,2,5890,888.2798313246221
2013,50-80,1,1,12555,1441.5582612149976
2013,50-80,1,2,8167,1232.3311205042553
2013,50-80,2,1,12930,1375.9204681753408
2013,50-80,2,2,7753,1093.6240796631823
2013,50-80,3,1,156943,4565.660728003602
2013,50-80,3,2,139433,5107.721413857766
2013,50-80,4,1,8057,944.8789032867545
2013,50-80,4,2,3706,676.0009987468675
2013,80-100,1,1,7983,1239.857871654763
2013,80-100,1,2,4206,998.6375764188432
2013,80-100,2,1,10087,1340.472096252611
2013,80-100,2,2,5589,1103.3608967888385
2013,80-100,3,1,121217,3941.354480678823
2013,80-100,3,2,66187,3397.5313972354074
2013,80-100,4,1,5299,777.5615685249198
2013,80-100,4,2,2588,623.1390587004588
2013,100+,1,1,54104,2794.149968748518
2013,100+,1,2,10907,1327.7874144916325
2013,100+,2,1,50735,2760.1989821029024
2013,100+,2,2,8241,1185.0348198042325
2013,100+,3,1,646256,8999.494773252132
2013,100+,3,2,161546,5232.1839951421325
2013,100+,4,1,30964,1657.4513984755151
2013,100+,4,2,8685,1224.317666271057
2013,NA,3,1,342,185.31013627885372
2014,0-30,1,1,7198,1146.4668561763924
2014,0-30,1,2,10233,1586.1157800536016
2014,0-30,2,1,5823,868.8448954054028
2014,0-30,2,2,7339,1385.3427625648444
2014,0-30,3,1,61416,2746.421562421909
2014,0-30,3,2,135105,4996.305820699047
2014,0-30,4,1,3062,453.98785921706934
2014,0-30,4,2,6027,931.8557694184411
2014,30-50,1,1,9267,1221.3870548414754
2014,30-50,1,2,7680,1160.2866017149906
2014,30-50,2,1,8728,1150.9313768675934
2014,30-50,2,2,4040,729.7826303639547
2014,30-50,3,1,79844,3231.9121338529144
2014,30-50,3,2,109841,4542.005554810414
2014,30-50,4,1,4388,703.685421974306
2014,30-50,4,2,3718,844.7518341775944
2014,50-80,1,1,15988,1655.866098818087
2014,50-80,1,2,8764,1153.0359379461038
2014,50-80,2,1,13966,1580.7632741700208
2014,50-80,2,2,9224,1402.3029968912704
2014,50-80,3,1,161694,4592.845619324377
2014,50-80,3,2,140155,5049.946355446588
2014,50-80,4,1,8996,973.4903779510571
2014,50-80,4,2,4863,863.0506814370909
2014,80-100,1,1,8609,1046.381115047801
2014,80-100,1,2,3298,720.9082965131753
2014,80-100,2,1,10397,1242.2049672948574
2014,80-100,2,2,5003,1040.5875945272207
2014,80-100,3,1,118132,3838.8554923401507
2014,80-100,3,2,68937,3594.422942522039
2014,80-100,4,1,5679,772.5517676837219
2014,80-100,4,2,3073,698.3783887502493
2014,100+,1,1,48410,2609.2040669479306
2014,100+,1,2,14193,1772.2812570778783
2014,100+,2,1,49158,2736.4476308343046
2014,100+,2,2,8574,1042.5073330285131
2014,100+,3,1,654762,9091.244155663675
2014,100+,3,2,175944,5710.507505756884
2014,100+,4,1,30802,1780.657884350121
2014,100+,4,2,7051,976.436618954484
2014,NA,2,1,92,92.0000000000022
2014,NA,3,2,118,118.00000000000077
2015,0-30,1,1,5945,908.0379486465333
2015,0-30,1,2,10336,1368.1948469775823
2015,0-30,2,1,6915,992.7447087034916
2015,0-30,2,2,5573,1010.5024669471755
2015,0-30,3,1,67269,2840.80711577279
2015,0-30,3,2,123524,4725.810464728037
2015,0-30,4,1,3771,500.67860453687643
2015,0-30,4,2,5633,774.9678746437402
2015,30-50,1,1,9018,1247.7563509041736
2015,30-50,1,2,6483,1074.2807430518212
2015,30-50,2,1,9299,1251.0600988618053
2015,30-50,2,2,8506,1335.987646484153
2015,30-50,3,1,82443,3279.622016782578
2015,30-50,3,2,115391,4688.236156844836
2015,30-50,4,1,5283,701.1847812797595
2015,30-50,4,2,4550,863.0868719970026
2015,50-80,1,1,14069,1489.2399559741666
2015,50-80,1,2,9337,1444.7515446023917
2015,50-80,2,1,15113,1473.6027280456979
2015,50-80,2,2,10309,1320.593403181309
2015,50-80,3,1,168934,4798.625893269624
2015,50-80,3,2,143419,5084.068103295546
2015,50-80,4,1,9040,860.3578659509078
2015,50-80,4,2,7604,1367.3142016692914
2015,80-100,1,1,8241,1156.0594267657384
2015,80-100,1,2,3970,775.6892785321628
2015,80-100,2,1,6220,792.3277984544653
2015,80-100,2,2,4804,999.0600621487654
2015,80-100,3,1,120828,3964.318766163303
2015,80-100,3,2,75848,3699.3617115613083
2015,80-100,4,1,5230,724.9221991152618
2015,80-100,4,2,1961,603.6957324390022
2015,100+,1,1,50536,2668.75699778352
2015,100+,1,2,11170,1537.7128325871004
2015,100+,2,1,50919,2750.250460285252
2015,100+,2,2,12595,1613.2164536544801
2015,100+,3,1,656186,8951.673805179737
2015,100+,3,2,181850,5690.390716341172
2015,100+,4,1,29757,1825.5397254092454
2015,100+,4,2,5970,917.1332476767353
2015,NA,1,1,202,201.99999999999335
2015,NA,3,1,235,146.39992235244793
2015,NA,3,2,187,139.53125536628372
2015,NA,4,1,44,35.44007248261362
2016,0-30,1,1,6685,973.9013271443303
2016,0-30,1,2,11609,1668.7701970719957
2016,0-30,2,1,7201,1153.136245457745
2016,0-30,2,2,7756,1190.4792950537055
2016,0-30,3,1,68488,2997.8903486508734
2016,0-30,3,2,131007,4982.04256912263
2016,0-30,4,1,5287,1009.0247749198803
2016,0-30,4,2,5354,926.3003700673927
2016,30-50,1,1,9038,1028.5350331326674
2016,30-50,1,2,8240,1256.974494925009
2016,30-50,2,1,7868,1071.0169007592299
2016,30-50,2,2,7518,1249.3053938886726
2016,30-50,3,1,93156,3385.8222695673153
2016,30-50,3,2,110604,4706.010201023044
2016,30-50,4,1,5541,711.2235509003024
2016,30-50,4,2,5479,956.9289256412868
2016,50-80,1,1,14060,1332.582566214649
2016,50-80,1,2,8273,1183.2111117899399
2016,50-80,2,1,14398,1603.8808925239614
2016,50-80,2,2,5674,833.048329609179
2016,50-80,3,1,166877,4675.684303693369
2016,50-80,3,2,139891,5016.491485411018
2016,50-80,4,1,7086,736.7630487117094
2016,50-80,4,2,6419,988.0406457596188
2016,80-100,1,1,8809,1083.1625529056626
2016,80-100,1,2,5407,1061.363658299231
2016,80-100,2,1,8666,1007.228107530906
2016,80-100,2,2,4694,980.4778830406368
2016,80-100,3,1,129483,4058.135490977106
2016,80-100,3,2,69799,3442.6130026449728
2016,80-100,4,1,6417,850.277540082248
2016,80-100,4,2,2423,598.1210285076623
2016,100+,1,1,48612,2702.6569149485244
2016,100+,1,2,12263,1620.194028414526
2016,100+,2,1,53771,2908.3567434325037
2016,100+,2,2,10719,1377.4604224925297
2016,100+,3,1,675799,9097.448873269816
2016,100+,3,2,178669,5495.472911335144
2016,100+,4,1,31425,1798.1556232349044
2016,100+,4,2,7464,1002.1928139105542
2016,NA,1,1,22,21.999999999999563
2016,NA,1,2,68,67.99999999999673
2016,NA,3,1,269,183.46369708839697
2016,NA,3,2,631,422.84819114652953
2016,NA,4,2,32,31.999999999998963
2017,0-30,1,1,6288,974.6724369423331
2017,0-30,1,2,7912,1189.6656718034346
2017,0-30,2,1,7680,1148.4454481454673
2017,0-30,2,2,5402,878.9500886865544
2017,0-30,3,1,82742,3407.1949552692877
2017,0-30,3,2,125802,4623.2601417586675
2017,0-30,4,1,4992,815.7861063099323
2017,0-30,4,2,7181,1188.260025108542
2017,30-50,1,1,8359,1112.2560753828468
2017,30-50,1,2,7850,1193.918859784327
2017,30-50,2,1,10743,1456.6189191961696
2017,30-50,2,2,6631,1130.3485042808818
2017,30-50,3,1,90867,3555.3609717876984
2017,30-50,3,2,108155,4380.512769952323
2017,30-50,4,1,4394,619.771626568441
2017,30-50,4,2,4854,919.1201371955187
2017,50-80,1,1,15088,1498.4977608182664
2017,50-80,1,2,7034,1125.1659858238631
2017,50-80,2,1,13058,1276.1678839387428
2017,50-80,2,2,8928,1204.3308150393696
2017,50-80,3,1,177851,4731.831298688399
2017,50-80,3,2,151140,5303.745042923747
2017,50-80,4,1,8332,883.1911261379526
2017,50-80,4,2,6805,1055.9313892587506
2017,80-100,1,1,8851,1136.192746635061
2017,80-100,1,2,4664,901.1132687361043
2017,80-100,2,1,10163,1224.063735856385
2017,80-100,2,2,4095,970.4914305378942
2017,80-100,3,1,124690,3955.086196507945
2017,80-100,3,2,72112,3645.902711423332
2017,80-100,4,1,5263,852.9272693983049
2017,80-100,4,2,4146,787.2453483487108
2017,100+,1,1,53896,2718.9326918064526
2017,100+,1,2,13988,1751.2271245332643
2017,100+,2,1,51213,2743.0646685852084
2017,100+,2,2,10739,1577.886408603847
2017,100+,3,1,685266,9168.770798404403
2017,100+,3,2,174274,5519.42042189054
2017,100+,4,1,29747,1695.9125998389648
2017,100+,4,2,7277,1008.6201355482103
2017,NA,2,1,118,102.42066990966106
2017,NA,3,1,338,172.2841925707969
2017,NA,3,2,163,115.7453046393024
2017,NA,4,1,101,76.55711555919899
2018,0-30,1,1,6544,1029.941001422475
2018,0-30,1,2,9895,1680.86836865138
2018,0-30,2,1,6987,953.5114349814296
2018,0-30,2,2,5833,1086.2071739812445
2018,0-30,3,1,78685,3194.191556001986
2018,0-30,3,2,133202,5077.901169830106
2018,0-30,4,1,4949,729.6797364478132
2018,0-30,4,2,5030,987.8789604396165
2018,30-50,1,1,8289,1186.8951340845515
2018,30-50,1,2,6881,1169.0533071998793
2018,30-50,2,1,7932,1152.095334180709
2018,30-50,2,2,5790,1253.1578822099427
2018,30-50,3,1,95656,3635.22315202362
2018,30-50,3,2,109416,4617.130898568413
2018,30-50,4,1,4808,673.0437759598734
2018,30-50,4,2,3992,691.4429131687217
2018,50-80,1,1,15178,1566.6974405602666
2018,50-80,1,2,8293,1191.0801629827681
2018,50-80,2,1,16056,1739.8066045021164
2018,50-80,2,2,8992,1487.9301060026
2018,50-80,3,1,171650,4629.9350096274075
2018,50-80,3,2,152709,5463.887499961615
2018,50-80,4,1,10295,1057.061166054429
2018,50-80,4,2,5896,873.091563232468
2018,80-100,1,1,9757,1171.342310991225
2018,80-100,1,2,4404,790.7560644807287
2018,80-100,2,1,8802,1098.2897641993577
2018,80-100,2,2,4224,882.3787856355996
2018,80-100,3,1,128811,4111.066127710381
2018,80-100,3,2,75045,3577.3187405900017
2018,80-100,4,1,5995,768.6763779632128
2018,80-100,4,2,2505,567.6759186748842
2018,100+,1,1,53337,2792.381782482165
2018,100+,1,2,10722,1409.0990950932685
2018,100+,2,1,54140,2940.460571258387
2018,100+,2,2,9664,1412.6479817153534
2018,100+,3,1,698445,9207.889723708959
2018,100+,3,2,186313,5966.878835756127
2018,100+,4,1,33857,1877.167396543453
2018,100+,4,2,6855,1070.3064456366874
2018,NA,3,1,190,103.39222807383649
2018,NA,3,2,592.9999999999999,442.17271528141885
2018,NA,4,1,10,9.999999999999746
2019,0-30,1,1,7581,1070.4356266950797
2019,0-30,1,2,8669,1396.1773166472326
2019,0-30,2,1,7063,1048.8881869972738
2019,0-30,2,2,5421,993.2493513269
2019,0-30,3,1,82046,3587.5981844715116
2019,0-30,3,2,132438,5188.432631669576
2019,0-30,4,1,5445,710.7678215340078
2019,0-30,4,2,6452,1248.3259229043542
2019,30-50,1,1,8363,1286.5621746758827
2019,30-50,1,2,4962,910.3174328585305
2019,30-50,2,1,11186,1344.9650775791906
2019,30-50,2,2,6596,1256.562039806471
2019,30-50,3,1,96786,3702.2426396672095
2019,30-50,3,2,102237,4502.000629447017
2019,30-50,4,1,4840,643.0468706831964
2019,30-50,4,2,5780,944.3683776829457
2019,50-80,1,1,18446,1935.363859382579
2019,50-80,1,2,8292,1207.53594510448
2019,50-80,2,1,15751,1523.640614327365
2019,50-80,2,2,8007,1299.4595455145666
2019,50-80,3,1,184977,5129.159452749779
2019,50-80,3,2,156443,5711.512815998303
2019,50-80,4,1,11318,1185.1686776592949
2019,50-80,4,2,5479,881.4219823844326
2019,80-100,1,1,10103,1156.8474358223802
2019,80-100,1,2,5413,1120.744812699498
2019,80-100,2,1,10078,1344.677953536204
2019,80-100,2,2,5470,1295.1515609306057
2019,80-100,3,1,132054,4090.513514967992
2019,80-100,3,2,74199,3769.335802772961
2019,80-100,4,1,6555,1026.206209614907
2019,80-100,4,2,1790,503.1982925743341
2019,100+,1,1,55905,2850.4830845877423
2019,100+,1,2,12597,1675.9766156011492
2019,100+,2,1,57520,3172.8300210735347
2019,100+,2,2,9847,1443.865248945338
2019,100+,3,1,718401,9646.855268933725
2019,100+,3,2,189943,6046.547542451345
2019,100+,4,1,33719,2052.2397580756433
2019,100+,4,2,6287,933.8893072390425
2019,NA,2,1,46,46.0000000000011
2019,NA,3,1,434,198.48859780334402
2019,NA,3,2,115,81.56584946541152
2019,NA,4,1,18,18.0000000000007
2020,0-30,1,1,6978,1077.5786550408554
2020,0-30,1,2,4767,780.1345666549303
2020,0-30,2,1,8329,1057.5142013972218
2020,0-30,2,2,7634,1326.536495339579
2020,0-30,3,1,84979,4068.092315668084
2020,0-30,3,2,131404,5799.847594949811
2020,0-30,4,1,4845,627.6990933452067
2020,0-30,4,2,3917,633.8968857886563
2020,30-50,1,1,8610,1294.1937578199136
2020,30-50,1,2,6451,1134.232837246796
2020,30-50,2,1,10422,1443.2734380412737
2020,30-50,2,2,7092,1244.601743555083
2020,30-50,3,1,100200,4690.324022742236
2020,30-50,3,2,101571,5169.5734494344015
2020,30-50,4,1,5694,701.1310302934547
2020,30-50,4,2,3292,531.0220372553761
2020,50-80,1,1,14642,1488.9808940664605
2020,50-80,1,2,9983,1656.2020022921233
2020,50-80,2,1,19149,2207.273271089217
2020,50-80,2,2,7654,1575.5988854175553
2020,50-80,3,1,195943,6245.472545978707
2020,50-80,3,2,151200,6161.576426685793
2020,50-80,4,1,10695,1049.8993730519394
2020,50-80,4,2,4961,700.360063943278
2020,80-100,1,1,9976,1221.9427201791527
2020,80-100,1,2,6031,1370.7621827669952
2020,80-100,2,1,8695,1148.9260607677732
2020,80-100,2,2,1739,427.1858196245262
2020,80-100,3,1,131518,4752.06354688093
2020,80-100,3,2,82821,4651.774801287446
2020,80-100,4,1,6581,865.1103888763656
2020,80-100,4,2,2600,606.939975538221
2020,100+,1,1,53627,3080.298941690601
2020,100+,1,2,10076,1253.5136352756342
2020,100+,2,1,53295,3279.9630836735446
2020,100+,2,2,8297,1205.4774554134194
2020,100+,3,1,707768,11595.612417950384
2020,100+,3,2,173248,6327.262876821967
2020,100+,4,1,31842,1986.2097038302074
2020,100+,4,2,6583,994.3763785957452
2020,NA,3,1,233,171.82826899372745
2020,NA,4,1,15,15.000000000000208
2021,0-30,1,1,7651,1115.4499693348491
2021,0-30,1,2,9324,1484.576940609475
2021,0-30,2,1,7572,1003.2354785277033
2021,0-30,2,2,8147,1263.66164042613
2021,0-30,3,1,94698,3606.026833440286
2021,0-30,3,2,141378,5218.60720741412
2021,0-30,4,1,6508,748.8140025227939
2021,0-30,4,2,5731,911.1419019297197
2021,30-50,1,1,11083,1391.6797604080357
2021,30-50,1,2,5277,1066.5380509569543
2021,30-50,2,1,9675,1093.8406839211411
2021,30-50,2,2,6762,1183.2048474145158
2021,30-50,3,1,103890,3676.9163133714906
2021,30-50,3,2,106784,4586.326812590464
2021,30-50,4,1,5004,652.490845480187
2021,30-50,4,2,3242,629.0113048287561
2021,50-80,1,1,18339,1764.8768807601864
2021,50-80,1,2,7967,1244.9233064938699
2021,50-80,2,1,14685,1495.7789941688802
2021,50-80,2,2,7407,1245.0285229755968
2021,50-80,3,1,199909,5275.8661812129785
2021,50-80,3,2,153608,5531.851747531295
2021,50-80,4,1,10436,987.3741021421743
2021,50-80,4,2,5580,965.7908296933883
2021,80-100,1,1,9634,1341.2073030692916
2021,80-100,1,2,4380,852.992224358555
2021,80-100,2,1,10560,1368.1083469876207
2021,80-100,2,2,4845,1072.0408359489086
2021,80-100,3,1,142244,4538.096613110576
2021,80-100,3,2,76043,3776.861416736418
2021,80-100,4,1,7035,1009.8648486389351
2021,80-100,4,2,2561,740.4565088965393
2021,100+,1,1,58997,3029.5963752011494
2021,100+,1,2,10224,1442.6911669047574
2021,100+,2,1,58182,3172.7061229391384
2021,100+,2,2,9649,1369.8334339978608
2021,100+,3,1,742680,10207.708327409624
2021,100+,3,2,185116,5956.187808308264
2021,100+,4,1,30968,1929.996500925026
2021,100+,4,2,7868,1568.7165584579873
2021,NA,1,1,127,127.00000000000598
2021,NA,2,1,290,169.69943232452448
2021,NA,3,1,789,379.9580401910979
2021,NA,3,2,64,54.129454415398506
2022,0-30,1,1,10145,1323.661278105866
2022,0-30,1,2,6158,906.9559672746472
2022,0-30,2,1,10239,1259.9068680339572
2022,0-30,2,2,7402,1237.0437032269826
2022,0-30,3,1,95366,3743.290756687812
2022,0-30,3,2,138397,5458.838822613771
2022,0-30,4,1,7524,828.0315060219507
2022,0-30,4,2,5528,842.7494206157038
2022,30-50,1,1,12715,1475.2202874584766
2022,30-50,1,2,6824,1153.5666511184324
2022,30-50,2,1,9910,1229.4773207791593
2022,30-50,2,2,8784,1527.9041489646665
2022,30-50,3,1,104930,3846.780571513135
2022,30-50,3,2,106837,4697.359207719769
2022,30-50,4,1,7565,959.4042226217413
2022,30-50,4,2,5170,905.268965027989
2022,50-80,1,1,17165,1514.0000856820789
2022,50-80,1,2,7004,1141.54515742056
2022,50-80,2,1,18706,1665.510591757754
2022,50-80,2,2,10678,1692.125774695969
2022,50-80,3,1,194045,5240.327095766226
2022,50-80,3,2,151889,5496.95670217139
2022,50-80,4,1,11019,1375.5788232205512
2022,50-80,4,2,5559,1121.823500254449
2022,80-100,1,1,12448,1418.996147778418
2022,80-100,1,2,4469,860.3216235901443
2022,80-100,2,1,11303,1387.8888258138995
2022,80-100,2,2,3839,836.300745777053
2022,80-100,3,1,146494,4635.970054857193
2022,80-100,3,2,83370,4092.8551577797143
2022,80-100,4,1,5656,762.6805947560088
2022,80-100,4,2,1582,431.31392169141947
2022,100+,1,1,59404,3135.1967947219623
2022,100+,1,2,10824,1558.510507801364
2022,100+,2,1,61369,3373.4362653095586
2022,100+,2,2,12972,1687.215127163317
2022,100+,3,1,756137,10074.299792522565
2022,100+,3,2,211077,6474.622687647563
2022,100+,4,1,35595,2041.21153571611
2022,100+,4,2,6717,1113.5894845847577
2022,NA,1,2,50,49.99999999999734
2022,NA,2,1,46,46.0000000000011
2022,NA,3,1,490,191.49836117787615
2022,NA,3,2,892,343.1803337754259
2022,NA,4,1,96,69.33968428326247
2022,NA,4,2,22,21.999999999999563
2023,0-30,1,1,10213,1375.0588593309988
2023,0-30,1,2,8404,1314.665010096114
2023,0-30,2,1,11459,1285.7862550962805
2023,0-30,2,2,6840,1025.1044303397164
2023,0-30,3,1,96816,3644.282506852893
2023,0-30,3,2,149017,5754.9786074718595
2023,0-30,4,1,7803,1003.2895055574822
2023,0-30,4,2,8050,1357.8899502028814
2023,30-50,1,1,9686,1177.4992140918534
2023,30-50,1,2,6157,1003.5190540935782
2023,30-50,2,1,10330,1168.5651155740568
2023,30-50,2,2,4912,1055.9172678816292
2023,30-50,3,1,98521,3514.6940063949573
2023,30-50,3,2,108570,4979.657876133639
2023,30-50,4,1,5718,659.9500807690796
2023,30-50,4,2,4692,965.0817884367691
2023,50-80,1,1,15680,1389.994655275409
2023,50-80,1,2,7864,1181.2661764106128
2023,50-80,2,1,19684,1854.0871231188855
2023,50-80,2,2,10841,2051.818857895536
2023,50-80,3,1,202000,5303.059428588034
2023,50-80,3,2,169093,5931.468641911972
2023,50-80,4,1,9535,963.1936128125434
2023,50-80,4,2,5882,1110.7034073137083
2023,80-100,1,1,12497,1356.219183890434
2023,80-100,1,2,7135,1304.2552076186867
2023,80-100,2,1,13312,1554.403903518709
2023,80-100,2,2,5879,1212.5640452624114
2023,80-100,3,1,146943,4610.586764507334
2023,80-100,3,2,87140,4440.648313897712
2023,80-100,4,1,6785,818.7055501272088
2023,80-100,4,2,2320,550.0186989266152
2023,100+,1,1,61746,3052.389430852232
2023,100+,1,2,13513,1631.6405676993354
2023,100+,2,1,61356,3333.1237144904626
2023,100+,2,2,13971,2146.4582884436577
2023,100+,3,1,756910,10310.445233024115
2023,100+,3,2,207436,6552.493478569598
2023,100+,4,1,34553,2084.705870527542
2023,100+,4,2,7221,1218.574147611406
2023,NA,1,1,68,56.515461116315784
2023,NA,2,1,69,68.99999999999693
2023,NA,3,1,1201,460.41580741758435
2023,NA,3,2,377,194.69670390322867
2023,NA,4,1,64,63.999999999997925
2024,0-30,1,1,11285,1248.4428161293886
2024,0-30,1,2,9843,1676.3234621874078
2024,0-30,2,1,11888,1621.312588654056
2024,0-30,2,2,10995,1885.9785710010365
2024,0-30,3,1,96110,3696.5663214955753
2024,0-30,3,2,151879,5686.099238659976
2024,0-30,4,1,5481,720.6470649011686
2024,0-30,4,2,8087,1232.655023150659
2024,30-50,1,1,10440,1273.6438529667994
2024,30-50,1,2,9031,1750.8036086335012
2024,30-50,2,1,11325,1489.3525474518008
2024,30-50,2,2,6574,1410.294812769143
2024,30-50,3,1,106197,3934.7407061176864
2024,30-50,3,2,112171,4832.072967095693
2024,30-50,4,1,5758,952.9984965439633
2024,30-50,4,2,4707,1146.9857496457234
2024,50-80,1,1,18230,1493.4601308650842
2024,50-80,1,2,7945,1338.4696999201508
2024,50-80,2,1,17106,1677.1702298729178
2024,50-80,2,2,7376,1287.7360267634206
2024,50-80,3,1,204410,5368.551783167046
2024,50-80,3,2,168219,5958.514426016726
2024,50-80,4,1,12034,1270.3000203611741
2024,50-80,4,2,4137,660.0772948659582
2024,80-100,1,1,12940,1403.9162364420151
2024,80-100,1,2,3761,872.0654513027132
2024,80-100,2,1,13591,1466.5565341180943
2024,80-100,2,2,6088,1717.7487210958348
2024,80-100,3,1,151454,4758.002405519179
2024,80-100,3,2,95570,4744.680511508459
2024,80-100,4,1,7183,799.2674137042446
2024,80-100,4,2,1609,406.45848550051636
2024,100+,1,1,63783,3259.171052115959
2024,100+,1,2,10510,1360.572808325083
2024,100+,2,1,71908,4308.487311125256
2024,100+,2,2,11082,1578.3182903870254
2024,100+,3,1,769751,10361.694609502245
2024,100+,3,2,204602,6531.352091670536
2024,100+,4,1,35314,1884.39416852341
2024,100+,4,2,7603,1220.6106871077097
2024,NA,1,1,36,36.0000000000014
2024,NA,2,1,584,452.65190512563424
2024,NA,3,1,607,208.31801779396807
2024,NA,3,2,610,348.7714653209537
2024,NA,4,2,74,53.25406180576694
